{"cameraMode":{"drawMode":0,"name":"Shaded","section":"Shading Mode"},"sceneLighting":true,"audioPlay":false,"sceneViewState":{"m_AlwaysRefresh":false,"showFog":true,"showSkybox":true,"showFlares":true,"showImageEffects":true,"showParticleSystems":true,"showVisualEffectGraphs":true,"m_FxEnabled":true},"in2DMode":false,"pivot":{"x":109.09651947021485,"y":14.676815032958985,"z":11.03189468383789},"rotation":{"x":0.004187874495983124,"y":-0.03839258477091789,"z":-0.0001607378217158839,"w":-0.9992554187774658},"size":50.557010650634769,"orthographic":false}